Plano,Período,Preço Original,Preço Promocional,Desconto,Total Período,Economia,Preço Renovação,Domínio Incluído
Plano Start,3 anos,R$ 26.89,R$ 7.79,71% OFF,R$ 278.48,R$ 797.55,R$ 17.19/mês (36% desconto),1 ano domínio .online grátis
Plano Start,2 anos,R$ 26.89,R$ 9.99,63% OFF,R$ 237.49,R$ 515.86,R$ 21.99/mês (18% desconto),1 ano domínio .online grátis
Plano Start,1 ano,R$ 26.89,R$ 9.99,63% OFF,R$ 118.75,R$ 311.92,R$ 21.99/mês (18% desconto),1 ano domínio .online grátis
Plano P,3 anos,R$ 38.99,R$ 9.89,74% OFF,R$ 355.51,R$ 1.143.12,R$ 26.69/mês (31% desconto),1 ano domínio grátis
Plano P,1 ano,R$ 38.99,R$ 11.69,70% OFF,R$ 139.37,R$ 423.50,R$ 31.39/mês (19% desconto),1 ano domínio grátis
Plano P,6 meses,R$ 38.99,R$ 13.69,64% OFF,R$ 82.12,R$ 151.82,R$ 36.99/mês (5% desconto),Sem domínio grátis
Plano P,1 mês,R$ 38.99,R$ 38.99,0% OFF,R$ 38.99,R$ 0,R$ 38.99/mês,Sem domínio grátis
Plano M,3 anos,R$ 45.19,R$ 13.89,69% OFF,R$ 499.54,R$ 1.222.29,R$ 34.69/mês (23% desconto),1 ano domínio grátis
Plano M,1 ano,R$ 45.19,R$ 15.59,65% OFF,R$ 186.19,R$ 451.08,R$ 38.79/mês (14% desconto),1 ano domínio grátis
Plano M,6 meses,R$ 45.19,R$ 16.89,62% OFF,R$ 100.78,R$ 170.36,R$ 41.99/mês (7% desconto),Sem domínio grátis
Plano M,1 mês,R$ 45.19,R$ 45.19,0% OFF,R$ 45.19,R$ 0,R$ 45.19/mês,Sem domínio grátis
Plano Turbo,3 anos,R$ 62.89,R$ 25.69,59% OFF,R$ 923.24,R$ 1.543.78,R$ 56.99/mês (9% desconto),2 domínios grátis
Plano Turbo,1 ano,R$ 62.89,R$ 26.99,57% OFF,R$ 323.41,R$ 634.25,R$ 59.89/mês (4% desconto),2 domínios grátis
Plano Turbo,6 meses,R$ 62.89,R$ 27.59,56% OFF,R$ 165.48,R$ 211.86,R$ 61.29/mês (2% desconto),Sem domínio grátis
Plano Turbo,1 mês,R$ 62.89,R$ 62.89,0% OFF,R$ 62.89,R$ 0,R$ 62.89/mês,Sem domínio grátis
